INSERT INTO `organization`(org_id,area_id,parent_id,name,org_no,category,secret_key,address,contacts_name,contacts_mail,contacts_cellphone,contacts_phone,moneyCount,canControl) VALUES (2, 2, null,'北京银行', 'BJBK',5,'01071193387580474171410454334001',null, null, null, null, null,100000000,1);
INSERT INTO `organization`(org_id,area_id,parent_id,name,org_no,category,secret_key,address,contacts_name,contacts_mail,contacts_cellphone,contacts_phone,moneyCount,canControl) VALUES (3, 3, null,'渤海银行', 'BHBK',4,'01071193387580474171410454123875',null, null, null, null, null,100000000,1);
INSERT INTO `organization`(org_id,area_id,parent_id,name,org_no,category,secret_key,address,contacts_name,contacts_mail,contacts_cellphone,contacts_phone,moneyCount,canControl) VALUES (4, 2, null,'北京银监局', 'BJYJ',1,'01060414651279043571413100161125',null, null, null, null, null,100000000,0);
INSERT INTO `organization`(org_id,area_id,parent_id,name,org_no,category,secret_key,address,contacts_name,contacts_mail,contacts_cellphone,contacts_phone,moneyCount,canControl) VALUES (5, 2, null,'北京农商银行', 'BJNS',6,'01071193387580474171410454334002',null, null, null, null, null,100000000,1);
-- 用户--
INSERT INTO `users`(user_id,org_id,username,realname,passwd,cellphone,telephone,email,create_time,area_code,status,is_online) VALUES ('2', '2', 'bjbk','北京银行报送员','0489f2cf05494b4bc95a0f97b987a3de',null,null,null, '2014-06-13 00:13:10', '0101', 0, 1);
INSERT INTO `users`(user_id,org_id,username,realname,passwd,cellphone,telephone,email,create_time,area_code,status,is_online) VALUES ('3', '3', 'bhbk','渤海银行报送员','3b82b178707474b94274ca42a4a86b5f',null,null,null, '2014-06-13 00:13:10', '0102', 0, 1);
INSERT INTO `users`(user_id,org_id,username,realname,passwd,cellphone,telephone,email,create_time,area_code,status,is_online) VALUES ('4', '4', 'bj','北京银监局管理员','39b9df3a0fb3356d11a63e22260e96ab',null,null,null, '2014-06-13 00:13:10', '0101', 0, 1);
INSERT INTO `users`(user_id,org_id,username,realname,passwd,cellphone,telephone,email,create_time,area_code,status,is_online) VALUES ('5', '5', 'bjns','北京农商银行报送员','1d84103f0ccb91e58d8665c07c5ed07b',null,null,null, '2014-06-13 00:13:10', '0101', 0, 1);
INSERT INTO `users`(user_id,org_id,username,realname,passwd,cellphone,telephone,email,create_time,area_code,status,is_online) VALUES ('6', '2', 'bjbkadmin','北京银行管理员','85b0467831892e8e610d0d87096aede9',null,null,null, '2014-06-13 00:13:10', '0101', 0, 1);
INSERT INTO `users`(user_id,org_id,username,realname,passwd,cellphone,telephone,email,create_time,area_code,status,is_online) VALUES ('7', '4', 'bjrisk','北京银监局指标查看员','ad31098c8ed6093068ef7664de3e701d',null,null,null, '2014-06-13 00:13:10', '0101', 0, 1);
INSERT INTO `users`(user_id,org_id,username,realname,passwd,cellphone,telephone,email,create_time,area_code,status,is_online) VALUES ('8', '4', 'bjasset','北京银监局配置信息查看员','addc57d2f3efafeae392bff3e043f278',null,null,null, '2014-06-13 00:13:10', '0101', 0, 1);
INSERT INTO `users`(user_id,org_id,username,realname,passwd,cellphone,telephone,email,create_time,area_code,status,is_online) VALUES ('9', '4', 'bjreport','北京银监局数据统计分析员','c4d6dd354b3f058dd904b3335b20f299',null,null,null, '2014-06-13 00:13:10', '0101', 0, 1);
-- 用户角色--
INSERT INTO `user_roles`(user_id,role_id) VALUES ('2', '8');
INSERT INTO `user_roles`(user_id,role_id) VALUES ('3', '8');
INSERT INTO `user_roles`(user_id,role_id) VALUES ('4', '6');
INSERT INTO `user_roles`(user_id,role_id) VALUES ('5', '8');
INSERT INTO `user_roles`(user_id,role_id) VALUES ('6', '7');
INSERT INTO `user_roles`(user_id,role_id) VALUES ('7', '4');
INSERT INTO `user_roles`(user_id,role_id) VALUES ('8', '5');
INSERT INTO `user_roles`(user_id,role_id) VALUES ('9', '3');
-- 指标测试数据--
INSERT INTO `system_transaction_success_rate` (`id`, `aosst`, `aost`, `AREA_CODE`, `DATA_MONTH`, `DATA_WEEK`, `DATA_YEAR`, `IS_EXTRAL`, `KIP_CODE`, `ORG_CODE`, `period`, `RECORD_TIME`, `REPORT_DATE`, `RISK_CODE`, `status`, `ORG_ID`, `RISK_ID`, `FILE_ID`, `USER_ID`) VALUES (1, 398, 400, '0101', 0, 0, 114, 0, NULL, 'BJBK', 285, NULL, '2014-10-12 00:00:00', '2001', 0, 2, 23, NULL, 2);
INSERT INTO `system_transaction_success_rate` (`id`, `aosst`, `aost`, `AREA_CODE`, `DATA_MONTH`, `DATA_WEEK`, `DATA_YEAR`, `IS_EXTRAL`, `KIP_CODE`, `ORG_CODE`, `period`, `RECORD_TIME`, `REPORT_DATE`, `RISK_CODE`, `status`, `ORG_ID`, `RISK_ID`, `FILE_ID`, `USER_ID`) VALUES (2, 199, 200, '0101', 0, 0, 114, 0, NULL, 'BJBK', 285, NULL, '2014-10-12 00:00:00', '2001001', 0, 2, 24, NULL, 2);
INSERT INTO `system_transaction_success_rate` (`id`, `aosst`, `aost`, `AREA_CODE`, `DATA_MONTH`, `DATA_WEEK`, `DATA_YEAR`, `IS_EXTRAL`, `KIP_CODE`, `ORG_CODE`, `period`, `RECORD_TIME`, `REPORT_DATE`, `RISK_CODE`, `status`, `ORG_ID`, `RISK_ID`, `FILE_ID`, `USER_ID`) VALUES (3, 199, 200, '0101', 0, 0, 114, 0, NULL, 'BJBK', 285, NULL, '2014-10-12 00:00:00', '2001002', 0, 2, 25, NULL, 2);
INSERT INTO `system_transaction_success_rate` (`id`, `aosst`, `aost`, `AREA_CODE`, `DATA_MONTH`, `DATA_WEEK`, `DATA_YEAR`, `IS_EXTRAL`, `KIP_CODE`, `ORG_CODE`, `period`, `RECORD_TIME`, `REPORT_DATE`, `RISK_CODE`, `status`, `ORG_ID`, `RISK_ID`, `FILE_ID`, `USER_ID`) VALUES (4, 398, 400, '0101', 0, 0, 114, 0, NULL, 'BJBK', 285, NULL, '2014-10-12 00:00:00', '2002', 0, 2, 26, NULL, 2);
INSERT INTO `system_transaction_success_rate` (`id`, `aosst`, `aost`, `AREA_CODE`, `DATA_MONTH`, `DATA_WEEK`, `DATA_YEAR`, `IS_EXTRAL`, `KIP_CODE`, `ORG_CODE`, `period`, `RECORD_TIME`, `REPORT_DATE`, `RISK_CODE`, `status`, `ORG_ID`, `RISK_ID`, `FILE_ID`, `USER_ID`) VALUES (5, 199, 200, '0101', 0, 0, 114, 0, NULL, 'BJBK', 285, NULL, '2014-10-12 00:00:00', '2002001', 0, 2, 27, NULL, 2);
INSERT INTO `system_transaction_success_rate` (`id`, `aosst`, `aost`, `AREA_CODE`, `DATA_MONTH`, `DATA_WEEK`, `DATA_YEAR`, `IS_EXTRAL`, `KIP_CODE`, `ORG_CODE`, `period`, `RECORD_TIME`, `REPORT_DATE`, `RISK_CODE`, `status`, `ORG_ID`, `RISK_ID`, `FILE_ID`, `USER_ID`) VALUES (6, 199, 200, '0101', 0, 0, 114, 0, NULL, 'BJBK', 285, NULL, '2014-10-12 00:00:00', '2002002', 0, 2, 28, NULL, 2);
INSERT INTO `system_transaction_success_rate` (`id`, `aosst`, `aost`, `AREA_CODE`, `DATA_MONTH`, `DATA_WEEK`, `DATA_YEAR`, `IS_EXTRAL`, `KIP_CODE`, `ORG_CODE`, `period`, `RECORD_TIME`, `REPORT_DATE`, `RISK_CODE`, `status`, `ORG_ID`, `RISK_ID`, `FILE_ID`, `USER_ID`) VALUES (7, 398, 400, '0101', 0, 0, 114, 0, NULL, 'BJBK', 285, NULL, '2014-10-12 00:00:00', '2003', 0, 2, 32, NULL, 2);
INSERT INTO `system_transaction_success_rate` (`id`, `aosst`, `aost`, `AREA_CODE`, `DATA_MONTH`, `DATA_WEEK`, `DATA_YEAR`, `IS_EXTRAL`, `KIP_CODE`, `ORG_CODE`, `period`, `RECORD_TIME`, `REPORT_DATE`, `RISK_CODE`, `status`, `ORG_ID`, `RISK_ID`, `FILE_ID`, `USER_ID`) VALUES (8, 199, 200, '0101', 0, 0, 114, 0, NULL, 'BJBK', 285, NULL, '2014-10-12 00:00:00', '2003001', 0, 2, 33, NULL, 2);
INSERT INTO `system_transaction_success_rate` (`id`, `aosst`, `aost`, `AREA_CODE`, `DATA_MONTH`, `DATA_WEEK`, `DATA_YEAR`, `IS_EXTRAL`, `KIP_CODE`, `ORG_CODE`, `period`, `RECORD_TIME`, `REPORT_DATE`, `RISK_CODE`, `status`, `ORG_ID`, `RISK_ID`, `FILE_ID`, `USER_ID`) VALUES (9, 199, 200, '0101', 0, 0, 114, 0, NULL, 'BJBK', 285, NULL, '2014-10-12 00:00:00', '2003002', 0, 2, 34, NULL, 2);
INSERT INTO `system_transaction_success_rate` (`id`, `aosst`, `aost`, `AREA_CODE`, `DATA_MONTH`, `DATA_WEEK`, `DATA_YEAR`, `IS_EXTRAL`, `KIP_CODE`, `ORG_CODE`, `period`, `RECORD_TIME`, `REPORT_DATE`, `RISK_CODE`, `status`, `ORG_ID`, `RISK_ID`, `FILE_ID`, `USER_ID`) VALUES (10, 398, 400, '0101', 0, 0, 114, 0, NULL, 'BJBK', 285, NULL, '2014-10-12 00:00:00', '2004', 0, 2, 37, NULL, 2);
INSERT INTO `system_transaction_success_rate` (`id`, `aosst`, `aost`, `AREA_CODE`, `DATA_MONTH`, `DATA_WEEK`, `DATA_YEAR`, `IS_EXTRAL`, `KIP_CODE`, `ORG_CODE`, `period`, `RECORD_TIME`, `REPORT_DATE`, `RISK_CODE`, `status`, `ORG_ID`, `RISK_ID`, `FILE_ID`, `USER_ID`) VALUES (11, 199, 200, '0101', 0, 0, 114, 0, NULL, 'BJBK', 285, NULL, '2014-10-12 00:00:00', '2004001', 0, 2,38, NULL, 2);
INSERT INTO `system_transaction_success_rate` (`id`, `aosst`, `aost`, `AREA_CODE`, `DATA_MONTH`, `DATA_WEEK`, `DATA_YEAR`, `IS_EXTRAL`, `KIP_CODE`, `ORG_CODE`, `period`, `RECORD_TIME`, `REPORT_DATE`, `RISK_CODE`, `status`, `ORG_ID`, `RISK_ID`, `FILE_ID`, `USER_ID`) VALUES (12, 199, 200, '0101', 0, 0, 114, 0, NULL, 'BJBK', 285, NULL, '2014-10-12 00:00:00', '2004002', 0, 2,39, NULL, 2);
INSERT INTO `system_transaction_success_rate` (`id`, `aosst`, `aost`, `AREA_CODE`, `DATA_MONTH`, `DATA_WEEK`, `DATA_YEAR`, `IS_EXTRAL`, `KIP_CODE`, `ORG_CODE`, `period`, `RECORD_TIME`, `REPORT_DATE`, `RISK_CODE`, `status`, `ORG_ID`, `RISK_ID`, `FILE_ID`, `USER_ID`) VALUES (13, 21, 23, '0101', 0, 0, 114, 0, NULL, 'BJBK', 284, NULL, '2014-10-11 00:00:00', '2001', 0, 2, 23, NULL, 2);
INSERT INTO `system_transaction_success_rate` (`id`, `aosst`, `aost`, `AREA_CODE`, `DATA_MONTH`, `DATA_WEEK`, `DATA_YEAR`, `IS_EXTRAL`, `KIP_CODE`, `ORG_CODE`, `period`, `RECORD_TIME`, `REPORT_DATE`, `RISK_CODE`, `status`, `ORG_ID`, `RISK_ID`, `FILE_ID`, `USER_ID`) VALUES (14, 30, 32, '0101', 0, 0, 114, 0, NULL, 'BJBK', 283, NULL, '2014-10-10 00:00:00', '2001', 0, 2, 23, NULL, 2);
INSERT INTO `system_transaction_success_rate` (`id`, `aosst`, `aost`, `AREA_CODE`, `DATA_MONTH`, `DATA_WEEK`, `DATA_YEAR`, `IS_EXTRAL`, `KIP_CODE`, `ORG_CODE`, `period`, `RECORD_TIME`, `REPORT_DATE`, `RISK_CODE`, `status`, `ORG_ID`, `RISK_ID`, `FILE_ID`, `USER_ID`) VALUES (15, 29, 34, '0101', 0, 0, 114, 0, NULL, 'BJBK', 282, NULL, '2014-10-9 00:00:00', '2001', 0, 2, 23, NULL, 2);
INSERT INTO `system_transaction_success_rate` (`id`, `aosst`, `aost`, `AREA_CODE`, `DATA_MONTH`, `DATA_WEEK`, `DATA_YEAR`, `IS_EXTRAL`, `KIP_CODE`, `ORG_CODE`, `period`, `RECORD_TIME`, `REPORT_DATE`, `RISK_CODE`, `status`, `ORG_ID`, `RISK_ID`, `FILE_ID`, `USER_ID`) VALUES (16, 299, 300, '0101', 0, 0, 114, 0, NULL, 'BJBK', 284, NULL, '2014-10-11 00:00:00', '2001001', 0, 2, 24, NULL, 2);
INSERT INTO `system_transaction_success_rate` (`id`, `aosst`, `aost`, `AREA_CODE`, `DATA_MONTH`, `DATA_WEEK`, `DATA_YEAR`, `IS_EXTRAL`, `KIP_CODE`, `ORG_CODE`, `period`, `RECORD_TIME`, `REPORT_DATE`, `RISK_CODE`, `status`, `ORG_ID`, `RISK_ID`, `FILE_ID`, `USER_ID`) VALUES (17, 80, 100, '0101', 0, 0, 114, 0, NULL, '00323', 285, NULL, '2014-10-12 00:00:00', '2001', 0, 5, 23, NULL, 5);
INSERT INTO `system_transaction_success_rate` (`id`, `aosst`, `aost`, `AREA_CODE`, `DATA_MONTH`, `DATA_WEEK`, `DATA_YEAR`, `IS_EXTRAL`, `KIP_CODE`, `ORG_CODE`, `period`, `RECORD_TIME`, `REPORT_DATE`, `RISK_CODE`, `status`, `ORG_ID`, `RISK_ID`, `FILE_ID`, `USER_ID`) VALUES (18, 67, 89, '0101', 0, 0, 114, 0, NULL, '00323', 284, NULL, '2014-10-11 00:00:00', '2001', 0, 5, 23, NULL, 5);
INSERT INTO `system_transaction_success_rate` (`id`, `aosst`, `aost`, `AREA_CODE`, `DATA_MONTH`, `DATA_WEEK`, `DATA_YEAR`, `IS_EXTRAL`, `KIP_CODE`, `ORG_CODE`, `period`, `RECORD_TIME`, `REPORT_DATE`, `RISK_CODE`, `status`, `ORG_ID`, `RISK_ID`, `FILE_ID`, `USER_ID`) VALUES (19, 88, 96, '0101', 0, 0, 114, 0, NULL, '00323', 283, NULL, '2014-10-10 00:00:00', '2001', 0, 5, 23, NULL, 5);
INSERT INTO `system_transaction_success_rate` (`id`, `aosst`, `aost`, `AREA_CODE`, `DATA_MONTH`, `DATA_WEEK`, `DATA_YEAR`, `IS_EXTRAL`, `KIP_CODE`, `ORG_CODE`, `period`, `RECORD_TIME`, `REPORT_DATE`, `RISK_CODE`, `status`, `ORG_ID`, `RISK_ID`, `FILE_ID`, `USER_ID`) VALUES (20, 77, 120, '0101', 0, 0, 114, 0, NULL, '00323', 282, NULL, '2014-10-9 00:00:00', '2001', 0, 5, 23, NULL, 5);

INSERT INTO `system_available_rate` (`id`, `AREA_CODE`, `DATA_MONTH`, `DATA_WEEK`, `DATA_YEAR`, `IS_EXTRAL`, `KIP_CODE`, `ltsp`, `ORG_CODE`, `pd`, `period`, `RECORD_TIME`, `REPORT_DATE`, `RISK_CODE`, `status`, `ud`, `ORG_ID`, `RISK_ID`, `FILE_ID`, `USER_ID`) VALUES (23, '0101', 0, 0, 114, 0, NULL, 3, 'BJBK', 1, 42, NULL, '2014-10-19 00:00:00', '1101', 0, 1, 2, 3, NULL, 2);
INSERT INTO `system_available_rate` (`id`, `AREA_CODE`, `DATA_MONTH`, `DATA_WEEK`, `DATA_YEAR`, `IS_EXTRAL`, `KIP_CODE`, `ltsp`, `ORG_CODE`, `pd`, `period`, `RECORD_TIME`, `REPORT_DATE`, `RISK_CODE`, `status`, `ud`, `ORG_ID`, `RISK_ID`, `FILE_ID`, `USER_ID`) VALUES (24, '0101', 0, 0, 114, 0, NULL, 22, 'BJBK', 1, 41, NULL, '2014-10-12 00:00:00', '1101', 0, 1, 2, 3, NULL, 2);
INSERT INTO `system_available_rate` (`id`, `AREA_CODE`, `DATA_MONTH`, `DATA_WEEK`, `DATA_YEAR`, `IS_EXTRAL`, `KIP_CODE`, `ltsp`, `ORG_CODE`, `pd`, `period`, `RECORD_TIME`, `REPORT_DATE`, `RISK_CODE`, `status`, `ud`, `ORG_ID`, `RISK_ID`, `FILE_ID`, `USER_ID`) VALUES (25, '0101', 0, 0, 114, 0, NULL, 8, 'BJBK', 2, 40, NULL, '2014-10-5 00:00:00', '1101', 0, 3, 2, 3, NULL, 2);
INSERT INTO `system_available_rate` (`id`, `AREA_CODE`, `DATA_MONTH`, `DATA_WEEK`, `DATA_YEAR`, `IS_EXTRAL`, `KIP_CODE`, `ltsp`, `ORG_CODE`, `pd`, `period`, `RECORD_TIME`, `REPORT_DATE`, `RISK_CODE`, `status`, `ud`, `ORG_ID`, `RISK_ID`, `FILE_ID`, `USER_ID`) VALUES (26, '0101', 0, 0, 114, 0, NULL, 41, 'BJBK', 2, 39, NULL, '2014-9-28 00:00:00', '1101', 0, 3, 2, 3, NULL, 2);
INSERT INTO `system_available_rate` (`id`, `AREA_CODE`, `DATA_MONTH`, `DATA_WEEK`, `DATA_YEAR`, `IS_EXTRAL`, `KIP_CODE`, `ltsp`, `ORG_CODE`, `pd`, `period`, `RECORD_TIME`, `REPORT_DATE`, `RISK_CODE`, `status`, `ud`, `ORG_ID`, `RISK_ID`, `FILE_ID`, `USER_ID`) VALUES (27, '0101', 0, 0, 114, 0, NULL, 222, 'BJBK', 1, 38, NULL, '2014-9-21 00:00:00', '1101', 0, 11, 2, 3, NULL, 2);
INSERT INTO `system_available_rate` (`id`, `AREA_CODE`, `DATA_MONTH`, `DATA_WEEK`, `DATA_YEAR`, `IS_EXTRAL`, `KIP_CODE`, `ltsp`, `ORG_CODE`, `pd`, `period`, `RECORD_TIME`, `REPORT_DATE`, `RISK_CODE`, `status`, `ud`, `ORG_ID`, `RISK_ID`, `FILE_ID`, `USER_ID`) VALUES (28, '0101', 0, 0, 114, 0, NULL, 44, 'BJBK', 3, 42, NULL, '2014-10-19 00:00:00', '1102', 0, 3, 2, 4, NULL, 2);
INSERT INTO `system_available_rate` (`id`, `AREA_CODE`, `DATA_MONTH`, `DATA_WEEK`, `DATA_YEAR`, `IS_EXTRAL`, `KIP_CODE`, `ltsp`, `ORG_CODE`, `pd`, `period`, `RECORD_TIME`, `REPORT_DATE`, `RISK_CODE`, `status`, `ud`, `ORG_ID`, `RISK_ID`, `FILE_ID`, `USER_ID`) VALUES (29, '0101', 0, 0, 114, 0, NULL, 5, 'BJBK', 1, 41, NULL, '2014-10-12 00:00:00', '1102', 0, 1, 2, 4, NULL, 2);
INSERT INTO `system_available_rate` (`id`, `AREA_CODE`, `DATA_MONTH`, `DATA_WEEK`, `DATA_YEAR`, `IS_EXTRAL`, `KIP_CODE`, `ltsp`, `ORG_CODE`, `pd`, `period`, `RECORD_TIME`, `REPORT_DATE`, `RISK_CODE`, `status`, `ud`, `ORG_ID`, `RISK_ID`, `FILE_ID`, `USER_ID`) VALUES (30, '0101', 0, 0, 114, 0, NULL, 44, 'BJBK', 2, 40, NULL, '2014-10-5 00:00:00', '1102', 0, 3, 2, 4, NULL, 2);
INSERT INTO `system_available_rate` (`id`, `AREA_CODE`, `DATA_MONTH`, `DATA_WEEK`, `DATA_YEAR`, `IS_EXTRAL`, `KIP_CODE`, `ltsp`, `ORG_CODE`, `pd`, `period`, `RECORD_TIME`, `REPORT_DATE`, `RISK_CODE`, `status`, `ud`, `ORG_ID`, `RISK_ID`, `FILE_ID`, `USER_ID`) VALUES (31, '0101', 0, 0, 114, 0, NULL, 12, 'BJBK', 2, 39, NULL, '2014-9-28 00:00:00', '1102', 0, 3, 2, 4, NULL, 2);
INSERT INTO `system_available_rate` (`id`, `AREA_CODE`, `DATA_MONTH`, `DATA_WEEK`, `DATA_YEAR`, `IS_EXTRAL`, `KIP_CODE`, `ltsp`, `ORG_CODE`, `pd`, `period`, `RECORD_TIME`, `REPORT_DATE`, `RISK_CODE`, `status`, `ud`, `ORG_ID`, `RISK_ID`, `FILE_ID`, `USER_ID`) VALUES (32, '0101', 0, 0, 114, 0, NULL, 6, 'BJBK', 1, 38, NULL, '2014-9-21 00:00:00', '1102', 0, 3, 2, 4, NULL, 2);
INSERT INTO `system_available_rate` (`id`, `AREA_CODE`, `DATA_MONTH`, `DATA_WEEK`, `DATA_YEAR`, `IS_EXTRAL`, `KIP_CODE`, `ltsp`, `ORG_CODE`, `pd`, `period`, `RECORD_TIME`, `REPORT_DATE`, `RISK_CODE`, `status`, `ud`, `ORG_ID`, `RISK_ID`, `FILE_ID`, `USER_ID`) VALUES (33, '0101', 0, 0, 113, 0, NULL, 6, 'BJBK', 1, 42, NULL, '2013-10-20 00:00:00', '1101', 0, 1, 2, 3, NULL, 2);
INSERT INTO `system_available_rate` (`id`, `AREA_CODE`, `DATA_MONTH`, `DATA_WEEK`, `DATA_YEAR`, `IS_EXTRAL`, `KIP_CODE`, `ltsp`, `ORG_CODE`, `pd`, `period`, `RECORD_TIME`, `REPORT_DATE`, `RISK_CODE`, `status`, `ud`, `ORG_ID`, `RISK_ID`, `FILE_ID`, `USER_ID`) VALUES (34, '0101', 0, 0, 113, 0, NULL, 44, 'BJBK', 11, 41, NULL, '2013-10-13 00:00:00', '1101', 0, 11, 2, 3, NULL, 2);
INSERT INTO `system_available_rate` (`id`, `AREA_CODE`, `DATA_MONTH`, `DATA_WEEK`, `DATA_YEAR`, `IS_EXTRAL`, `KIP_CODE`, `ltsp`, `ORG_CODE`, `pd`, `period`, `RECORD_TIME`, `REPORT_DATE`, `RISK_CODE`, `status`, `ud`, `ORG_ID`, `RISK_ID`, `FILE_ID`, `USER_ID`) VALUES (35, '0101', 0, 0, 113, 0, NULL, 18, 'BJBK', 2, 40, NULL, '2013-10-6 00:00:00', '1101', 0, 3, 2, 3, NULL, 2);
INSERT INTO `system_available_rate` (`id`, `AREA_CODE`, `DATA_MONTH`, `DATA_WEEK`, `DATA_YEAR`, `IS_EXTRAL`, `KIP_CODE`, `ltsp`, `ORG_CODE`, `pd`, `period`, `RECORD_TIME`, `REPORT_DATE`, `RISK_CODE`, `status`, `ud`, `ORG_ID`, `RISK_ID`, `FILE_ID`, `USER_ID`) VALUES (36, '0101', 0, 0, 113, 0, NULL, 81, 'BJBK', 2, 39, NULL, '2013-9-29 00:00:00', '1101', 0, 3, 2, 3, NULL, 2);
INSERT INTO `system_available_rate` (`id`, `AREA_CODE`, `DATA_MONTH`, `DATA_WEEK`, `DATA_YEAR`, `IS_EXTRAL`, `KIP_CODE`, `ltsp`, `ORG_CODE`, `pd`, `period`, `RECORD_TIME`, `REPORT_DATE`, `RISK_CODE`, `status`, `ud`, `ORG_ID`, `RISK_ID`, `FILE_ID`, `USER_ID`) VALUES (37, '0101', 0, 0, 113, 0, NULL, 400, 'BJBK', 1, 38, NULL, '2013-9-22 00:00:00', '1101', 0, 11, 2, 3, NULL, 2);
INSERT INTO `system_available_rate` (`id`, `AREA_CODE`, `DATA_MONTH`, `DATA_WEEK`, `DATA_YEAR`, `IS_EXTRAL`, `KIP_CODE`, `ltsp`, `ORG_CODE`, `pd`, `period`, `RECORD_TIME`, `REPORT_DATE`, `RISK_CODE`, `status`, `ud`, `ORG_ID`, `RISK_ID`, `FILE_ID`, `USER_ID`) VALUES (38, '0101', 0, 0, 113, 0, NULL, 88, 'BJBK', 3, 42, NULL, '2013-10-20 00:00:00', '1102', 0, 3, 2, 4, NULL, 2);
INSERT INTO `system_available_rate` (`id`, `AREA_CODE`, `DATA_MONTH`, `DATA_WEEK`, `DATA_YEAR`, `IS_EXTRAL`, `KIP_CODE`, `ltsp`, `ORG_CODE`, `pd`, `period`, `RECORD_TIME`, `REPORT_DATE`, `RISK_CODE`, `status`, `ud`, `ORG_ID`, `RISK_ID`, `FILE_ID`, `USER_ID`) VALUES (39, '0101', 0, 0, 113, 0, NULL, 10, 'BJBK', 1, 41, NULL, '2013-10-13 00:00:00', '1102', 0, 1, 2, 4, NULL, 2);
INSERT INTO `system_available_rate` (`id`, `AREA_CODE`, `DATA_MONTH`, `DATA_WEEK`, `DATA_YEAR`, `IS_EXTRAL`, `KIP_CODE`, `ltsp`, `ORG_CODE`, `pd`, `period`, `RECORD_TIME`, `REPORT_DATE`, `RISK_CODE`, `status`, `ud`, `ORG_ID`, `RISK_ID`, `FILE_ID`, `USER_ID`) VALUES (40, '0101', 0, 0, 113, 0, NULL, 88, 'BJBK', 2, 40, NULL, '2013-10-6 00:00:00', '1102', 0, 3, 2, 4, NULL, 2);
INSERT INTO `system_available_rate` (`id`, `AREA_CODE`, `DATA_MONTH`, `DATA_WEEK`, `DATA_YEAR`, `IS_EXTRAL`, `KIP_CODE`, `ltsp`, `ORG_CODE`, `pd`, `period`, `RECORD_TIME`, `REPORT_DATE`, `RISK_CODE`, `status`, `ud`, `ORG_ID`, `RISK_ID`, `FILE_ID`, `USER_ID`) VALUES (41, '0101', 0, 0, 113, 0, NULL, 24, 'BJBK', 2, 39, NULL, '2013-9-29 00:00:00', '1102', 0, 3, 2, 4, NULL, 2);
INSERT INTO `system_available_rate` (`id`, `AREA_CODE`, `DATA_MONTH`, `DATA_WEEK`, `DATA_YEAR`, `IS_EXTRAL`, `KIP_CODE`, `ltsp`, `ORG_CODE`, `pd`, `period`, `RECORD_TIME`, `REPORT_DATE`, `RISK_CODE`, `status`, `ud`, `ORG_ID`, `RISK_ID`, `FILE_ID`, `USER_ID`) VALUES (42, '0101', 0, 0, 113, 0, NULL, 6, 'BJBK', 1, 38, NULL, '2013-9-22 00:00:00', '1102', 0, 3, 2, 4, NULL, 2);


INSERT INTO `outside_attack_change_rate` (`id`, `AREA_CODE`, `DATA_MONTH`, `DATA_WEEK`, `DATA_YEAR`, `IS_EXTRAL`, `idswp`, `ipswp`, `KIP_CODE`, `ldswp`, `lpswp`, `ORG_CODE`, `period`, `RECORD_TIME`, `REPORT_DATE`, `RISK_CODE`, `status`, `ORG_ID`, `RISK_ID`, `FILE_ID`, `USER_ID`) VALUES (1, '0101', 0, 0, 114, 0, 4, 5, NULL, 33, 44, 'BJBK', 41, NULL, '2014-10-12 00:00:00', '5001', 0, 2, 52, NULL, 2);
INSERT INTO `outside_attack_change_rate` (`id`, `AREA_CODE`, `DATA_MONTH`, `DATA_WEEK`, `DATA_YEAR`, `IS_EXTRAL`, `idswp`, `ipswp`, `KIP_CODE`, `ldswp`, `lpswp`, `ORG_CODE`, `period`, `RECORD_TIME`, `REPORT_DATE`, `RISK_CODE`, `status`, `ORG_ID`, `RISK_ID`, `FILE_ID`, `USER_ID`) VALUES (2, '0101', 0, 0, 114, 0, 33, 44, NULL, 3, 2, 'BJBK', 40, NULL, '2014-10-5 00:00:00', '5001', 0, 2, 52, NULL, 2);
INSERT INTO `outside_attack_change_rate` (`id`, `AREA_CODE`, `DATA_MONTH`, `DATA_WEEK`, `DATA_YEAR`, `IS_EXTRAL`, `idswp`, `ipswp`, `KIP_CODE`, `ldswp`, `lpswp`, `ORG_CODE`, `period`, `RECORD_TIME`, `REPORT_DATE`, `RISK_CODE`, `status`, `ORG_ID`, `RISK_ID`, `FILE_ID`, `USER_ID`) VALUES (3, '0101', 0, 0, 114, 0, 3, 2, NULL, 3, 4, 'BJBK', 39, NULL, '2014-9-28 00:00:00', '5001', 0, 2, 52, NULL, 2);
INSERT INTO `outside_attack_change_rate` (`id`, `AREA_CODE`, `DATA_MONTH`, `DATA_WEEK`, `DATA_YEAR`, `IS_EXTRAL`, `idswp`, `ipswp`, `KIP_CODE`, `ldswp`, `lpswp`, `ORG_CODE`, `period`, `RECORD_TIME`, `REPORT_DATE`, `RISK_CODE`, `status`, `ORG_ID`, `RISK_ID`, `FILE_ID`, `USER_ID`) VALUES (4, '0101', 0, 0, 114, 0, 3, 4, NULL, 0, 0, 'BJBK', 38, NULL, '2014-9-21 00:00:00', '5001', 0, 2, 52, NULL, 2);
INSERT INTO `outside_attack_change_rate` (`id`, `AREA_CODE`, `DATA_MONTH`, `DATA_WEEK`, `DATA_YEAR`, `IS_EXTRAL`, `idswp`, `ipswp`, `KIP_CODE`, `ldswp`, `lpswp`, `ORG_CODE`, `period`, `RECORD_TIME`, `REPORT_DATE`, `RISK_CODE`, `status`, `ORG_ID`, `RISK_ID`, `FILE_ID`, `USER_ID`) VALUES (5, '0101', 0, 0, 114, 0, 10, 20, NULL, 20,30, '00323', 41, NULL, '2014-10-12 00:00:00', '5001', 0, 5, 52, NULL, 5);
INSERT INTO `outside_attack_change_rate` (`id`, `AREA_CODE`, `DATA_MONTH`, `DATA_WEEK`, `DATA_YEAR`, `IS_EXTRAL`, `idswp`, `ipswp`, `KIP_CODE`, `ldswp`, `lpswp`, `ORG_CODE`, `period`, `RECORD_TIME`, `REPORT_DATE`, `RISK_CODE`, `status`, `ORG_ID`, `RISK_ID`, `FILE_ID`, `USER_ID`) VALUES (6, '0101', 0, 0, 114, 0, 20, 30, NULL, 30, 40, '00323', 40, NULL, '2014-10-5 00:00:00', '5001', 0, 5, 52, NULL, 5);
INSERT INTO `outside_attack_change_rate` (`id`, `AREA_CODE`, `DATA_MONTH`, `DATA_WEEK`, `DATA_YEAR`, `IS_EXTRAL`, `idswp`, `ipswp`, `KIP_CODE`, `ldswp`, `lpswp`, `ORG_CODE`, `period`, `RECORD_TIME`, `REPORT_DATE`, `RISK_CODE`, `status`, `ORG_ID`, `RISK_ID`, `FILE_ID`, `USER_ID`) VALUES (7, '0101', 0, 0, 114, 0, 30, 40, NULL, 34, 32, '00323', 39, NULL, '2014-9-28 00:00:00', '5001', 0, 5, 52, NULL, 5);
INSERT INTO `outside_attack_change_rate` (`id`, `AREA_CODE`, `DATA_MONTH`, `DATA_WEEK`, `DATA_YEAR`, `IS_EXTRAL`, `idswp`, `ipswp`, `KIP_CODE`, `ldswp`, `lpswp`, `ORG_CODE`, `period`, `RECORD_TIME`, `REPORT_DATE`, `RISK_CODE`, `status`, `ORG_ID`, `RISK_ID`, `FILE_ID`, `USER_ID`) VALUES (8, '0101', 0, 0, 114, 0, 34, 32, NULL, 0, 0, '00323', 38, NULL, '2014-9-21 00:00:00', '5001', 0, 5, 52, NULL, 5);

INSERT INTO `operation_change_success_rate` (`id`, `AREA_CODE`, `DATA_MONTH`, `DATA_WEEK`, `DATA_YEAR`, `dc`, `IS_EXTRAL`, `KIP_CODE`, `ORG_CODE`, `period`, `RECORD_TIME`, `REPORT_DATE`, `RISK_CODE`, `sdc`, `status`, `ORG_ID`, `RISK_ID`, `FILE_ID`, `USER_ID`) VALUES (1, '0101', 0, 0, 114, 12, 0, NULL, 'BJBK', 10, NULL, '2014-10-31 00:00:00', '3001', 1, 0, 2, 48, NULL, 2);
INSERT INTO `operation_change_success_rate` (`id`, `AREA_CODE`, `DATA_MONTH`, `DATA_WEEK`, `DATA_YEAR`, `dc`, `IS_EXTRAL`, `KIP_CODE`, `ORG_CODE`, `period`, `RECORD_TIME`, `REPORT_DATE`, `RISK_CODE`, `sdc`, `status`, `ORG_ID`, `RISK_ID`, `FILE_ID`, `USER_ID`) VALUES (2, '0101', 0, 0, 114, 23, 0, NULL, 'BJBK', 9, NULL, '2014-9-30 00:00:00', '3001', 4, 0, 2, 48, NULL, 2);
INSERT INTO `operation_change_success_rate` (`id`, `AREA_CODE`, `DATA_MONTH`, `DATA_WEEK`, `DATA_YEAR`, `dc`, `IS_EXTRAL`, `KIP_CODE`, `ORG_CODE`, `period`, `RECORD_TIME`, `REPORT_DATE`, `RISK_CODE`, `sdc`, `status`, `ORG_ID`, `RISK_ID`, `FILE_ID`, `USER_ID`) VALUES (3, '0101', 0, 0, 114, 55, 0, NULL, 'BJBK', 7, NULL, '2014-7-31 00:00:00', '3001', 4, 0, 2, 48, NULL, 2);
INSERT INTO `operation_change_success_rate` (`id`, `AREA_CODE`, `DATA_MONTH`, `DATA_WEEK`, `DATA_YEAR`, `dc`, `IS_EXTRAL`, `KIP_CODE`, `ORG_CODE`, `period`, `RECORD_TIME`, `REPORT_DATE`, `RISK_CODE`, `sdc`, `status`, `ORG_ID`, `RISK_ID`, `FILE_ID`, `USER_ID`) VALUES (4, '0101', 0, 0, 114, 55, 0, NULL, 'BJBK', 8, NULL, '2014-8-31 00:00:00', '3001', 4, 0, 2, 48, NULL, 2);
INSERT INTO `operation_change_success_rate` (`id`, `AREA_CODE`, `DATA_MONTH`, `DATA_WEEK`, `DATA_YEAR`, `dc`, `IS_EXTRAL`, `KIP_CODE`, `ORG_CODE`, `period`, `RECORD_TIME`, `REPORT_DATE`, `RISK_CODE`, `sdc`, `status`, `ORG_ID`, `RISK_ID`, `FILE_ID`, `USER_ID`) VALUES (5, '0101', 0, 0, 114, 100, 0, NULL, '00323', 10, NULL, '2014-10-31 00:00:00', '3001', 80, 0, 5, 48, NULL, 5);
INSERT INTO `operation_change_success_rate` (`id`, `AREA_CODE`, `DATA_MONTH`, `DATA_WEEK`, `DATA_YEAR`, `dc`, `IS_EXTRAL`, `KIP_CODE`, `ORG_CODE`, `period`, `RECORD_TIME`, `REPORT_DATE`, `RISK_CODE`, `sdc`, `status`, `ORG_ID`, `RISK_ID`, `FILE_ID`, `USER_ID`) VALUES (6, '0101', 0, 0, 114, 200, 0, NULL, '00323', 9, NULL, '2014-9-30 00:00:00', '3001', 180, 0, 5, 48, NULL, 5);
INSERT INTO `operation_change_success_rate` (`id`, `AREA_CODE`, `DATA_MONTH`, `DATA_WEEK`, `DATA_YEAR`, `dc`, `IS_EXTRAL`, `KIP_CODE`, `ORG_CODE`, `period`, `RECORD_TIME`, `REPORT_DATE`, `RISK_CODE`, `sdc`, `status`, `ORG_ID`, `RISK_ID`, `FILE_ID`, `USER_ID`) VALUES (7, '0101', 0, 0, 114, 150, 0, NULL, '00323', 8, NULL, '2014-8-31 00:00:00', '3001', 135, 0, 5, 48, NULL, 5);
INSERT INTO `operation_change_success_rate` (`id`, `AREA_CODE`, `DATA_MONTH`, `DATA_WEEK`, `DATA_YEAR`, `dc`, `IS_EXTRAL`, `KIP_CODE`, `ORG_CODE`, `period`, `RECORD_TIME`, `REPORT_DATE`, `RISK_CODE`, `sdc`, `status`, `ORG_ID`, `RISK_ID`, `FILE_ID`, `USER_ID`) VALUES (8, '0101', 0, 0, 114, 100, 0, NULL, '00323', 7, NULL, '2014-7-31 00:00:00', '3001', 67, 0, 5, 48, NULL, 5);

INSERT INTO `info_technology_risk_event_count` (`id`, `AREA_CODE`, `COUNTS`, `DATA_MONTH`, `DATA_WEEK`, `DATA_YEAR`, `IS_EXTRAL`, `KIP_CODE`, `ORG_CODE`, `period`, `RECORD_TIME`, `REPORT_DATE`, `RISK_CODE`, `status`, `ORG_ID`, `RISK_ID`, `FILE_ID`, `USER_ID`) VALUES (1, '0101', 3, 0, 0, 114, 0, NULL, 'BJBK', 41, NULL, '2014-10-12 00:00:00', '6001001001', 0, 2, 56, NULL, 2);
INSERT INTO `info_technology_risk_event_count` (`id`, `AREA_CODE`, `COUNTS`, `DATA_MONTH`, `DATA_WEEK`, `DATA_YEAR`, `IS_EXTRAL`, `KIP_CODE`, `ORG_CODE`, `period`, `RECORD_TIME`, `REPORT_DATE`, `RISK_CODE`, `status`, `ORG_ID`, `RISK_ID`, `FILE_ID`, `USER_ID`) VALUES (2, '0101', 4, 0, 0, 114, 0, NULL, 'BJBK', 40, NULL, '2014-10-5 00:00:00', '6001001001', 0, 2, 56, NULL, 2);
INSERT INTO `info_technology_risk_event_count` (`id`, `AREA_CODE`, `COUNTS`, `DATA_MONTH`, `DATA_WEEK`, `DATA_YEAR`, `IS_EXTRAL`, `KIP_CODE`, `ORG_CODE`, `period`, `RECORD_TIME`, `REPORT_DATE`, `RISK_CODE`, `status`, `ORG_ID`, `RISK_ID`, `FILE_ID`, `USER_ID`) VALUES (3, '0101', 66, 0, 0, 114, 0, NULL, 'BJBK', 39, NULL, '2014-9-28 00:00:00', '6001001001', 0, 2, 56, NULL, 2);
INSERT INTO `info_technology_risk_event_count` (`id`, `AREA_CODE`, `COUNTS`, `DATA_MONTH`, `DATA_WEEK`, `DATA_YEAR`, `IS_EXTRAL`, `KIP_CODE`, `ORG_CODE`, `period`, `RECORD_TIME`, `REPORT_DATE`, `RISK_CODE`, `status`, `ORG_ID`, `RISK_ID`, `FILE_ID`, `USER_ID`) VALUES (4, '0101', 4, 0, 0, 114, 0, NULL, 'BJBK', 38, NULL, '2014-9-21 00:00:00', '6001001001', 0, 2, 56, NULL, 2);
INSERT INTO `info_technology_risk_event_count` (`id`, `AREA_CODE`, `COUNTS`, `DATA_MONTH`, `DATA_WEEK`, `DATA_YEAR`, `IS_EXTRAL`, `KIP_CODE`, `ORG_CODE`, `period`, `RECORD_TIME`, `REPORT_DATE`, `RISK_CODE`, `status`, `ORG_ID`, `RISK_ID`, `FILE_ID`, `USER_ID`) VALUES (5, '0101', 100, 0, 0, 114, 0, NULL, '00323', 41, NULL, '2014-10-12 00:00:00', '6001001001', 0, 5, 56, NULL, 5);
INSERT INTO `info_technology_risk_event_count` (`id`, `AREA_CODE`, `COUNTS`, `DATA_MONTH`, `DATA_WEEK`, `DATA_YEAR`, `IS_EXTRAL`, `KIP_CODE`, `ORG_CODE`, `period`, `RECORD_TIME`, `REPORT_DATE`, `RISK_CODE`, `status`, `ORG_ID`, `RISK_ID`, `FILE_ID`, `USER_ID`) VALUES (6, '0101', 90, 0, 0, 114, 0, NULL, '00323', 40, NULL, '2014-10-5 00:00:00', '6001001001', 0, 5, 56, NULL, 5);
INSERT INTO `info_technology_risk_event_count` (`id`, `AREA_CODE`, `COUNTS`, `DATA_MONTH`, `DATA_WEEK`, `DATA_YEAR`, `IS_EXTRAL`, `KIP_CODE`, `ORG_CODE`, `period`, `RECORD_TIME`, `REPORT_DATE`, `RISK_CODE`, `status`, `ORG_ID`, `RISK_ID`, `FILE_ID`, `USER_ID`) VALUES (7, '0101', 110, 0, 0, 114, 0, NULL, '00323', 39, NULL, '2014-9-28 00:00:00', '6001001001', 0, 5, 56, NULL, 5);
INSERT INTO `info_technology_risk_event_count` (`id`, `AREA_CODE`, `COUNTS`, `DATA_MONTH`, `DATA_WEEK`, `DATA_YEAR`, `IS_EXTRAL`, `KIP_CODE`, `ORG_CODE`, `period`, `RECORD_TIME`, `REPORT_DATE`, `RISK_CODE`, `status`, `ORG_ID`, `RISK_ID`, `FILE_ID`, `USER_ID`) VALUES (8, '0101', 95, 0, 0, 114, 0, NULL, '00323', 28, NULL, '2014-9-21 00:00:00', '6001001001', 0, 5, 56, NULL, 5);

INSERT INTO `fake_site_attachment_rate` (`id`, `aofw`, `AREA_CODE`, `cfw`, `DATA_MONTH`, `DATA_WEEK`, `DATA_YEAR`, `IS_EXTRAL`, `KIP_CODE`, `ORG_CODE`, `period`, `RECORD_TIME`, `REPORT_DATE`, `RISK_CODE`, `status`, `ORG_ID`, `RISK_ID`, `FILE_ID`, `USER_ID`) VALUES (1, 11, '0101', 2, 0, 0, 114, 0, NULL, 'BJBK', 10, NULL, '2014-10-31 00:00:00', '4001', 0, 2, 50, NULL, 2);
INSERT INTO `fake_site_attachment_rate` (`id`, `aofw`, `AREA_CODE`, `cfw`, `DATA_MONTH`, `DATA_WEEK`, `DATA_YEAR`, `IS_EXTRAL`, `KIP_CODE`, `ORG_CODE`, `period`, `RECORD_TIME`, `REPORT_DATE`, `RISK_CODE`, `status`, `ORG_ID`, `RISK_ID`, `FILE_ID`, `USER_ID`) VALUES (2, 12, '0101', 2, 0, 0, 114, 0, NULL, 'BJBK', 9, NULL, '2014-9-30 00:00:00', '4001', 0, 2, 50, NULL, 2);
INSERT INTO `fake_site_attachment_rate` (`id`, `aofw`, `AREA_CODE`, `cfw`, `DATA_MONTH`, `DATA_WEEK`, `DATA_YEAR`, `IS_EXTRAL`, `KIP_CODE`, `ORG_CODE`, `period`, `RECORD_TIME`, `REPORT_DATE`, `RISK_CODE`, `status`, `ORG_ID`, `RISK_ID`, `FILE_ID`, `USER_ID`) VALUES (3, 34, '0101', 4, 0, 0, 114, 0, NULL, 'BJBK', 8, NULL, '2014-8-31 00:00:00', '4001', 0, 2, 50, NULL, 2);
INSERT INTO `fake_site_attachment_rate` (`id`, `aofw`, `AREA_CODE`, `cfw`, `DATA_MONTH`, `DATA_WEEK`, `DATA_YEAR`, `IS_EXTRAL`, `KIP_CODE`, `ORG_CODE`, `period`, `RECORD_TIME`, `REPORT_DATE`, `RISK_CODE`, `status`, `ORG_ID`, `RISK_ID`, `FILE_ID`, `USER_ID`) VALUES (4, 56, '0101', 6, 0, 0, 114, 0, NULL, 'BJBK', 7, NULL, '2014-7-31 00:00:00', '4001', 0, 2, 50, NULL, 2);
INSERT INTO `fake_site_attachment_rate` (`id`, `aofw`, `AREA_CODE`, `cfw`, `DATA_MONTH`, `DATA_WEEK`, `DATA_YEAR`, `IS_EXTRAL`, `KIP_CODE`, `ORG_CODE`, `period`, `RECORD_TIME`, `REPORT_DATE`, `RISK_CODE`, `status`, `ORG_ID`, `RISK_ID`, `FILE_ID`, `USER_ID`) VALUES (6, 100, '0101', 80, 0, 0, 114, 0, NULL, '00323', 10, NULL, '2014-10-31 00:00:00', '4001', 0, 5, 50, NULL, 5);
INSERT INTO `fake_site_attachment_rate` (`id`, `aofw`, `AREA_CODE`, `cfw`, `DATA_MONTH`, `DATA_WEEK`, `DATA_YEAR`, `IS_EXTRAL`, `KIP_CODE`, `ORG_CODE`, `period`, `RECORD_TIME`, `REPORT_DATE`, `RISK_CODE`, `status`, `ORG_ID`, `RISK_ID`, `FILE_ID`, `USER_ID`) VALUES (7, 90, '0101', 80, 0, 0, 114, 0, NULL, '00323', 9, NULL, '2014-9-30 00:00:00', '4001', 0, 5, 50, NULL, 5);
INSERT INTO `fake_site_attachment_rate` (`id`, `aofw`, `AREA_CODE`, `cfw`, `DATA_MONTH`, `DATA_WEEK`, `DATA_YEAR`, `IS_EXTRAL`, `KIP_CODE`, `ORG_CODE`, `period`, `RECORD_TIME`, `REPORT_DATE`, `RISK_CODE`, `status`, `ORG_ID`, `RISK_ID`, `FILE_ID`, `USER_ID`) VALUES (8, 78, '0101', 60, 0, 0, 114, 0, NULL, '00323', 8, NULL, '2014-8-31 00:00:00', '4001', 0, 5, 50, NULL, 5);
INSERT INTO `fake_site_attachment_rate` (`id`, `aofw`, `AREA_CODE`, `cfw`, `DATA_MONTH`, `DATA_WEEK`, `DATA_YEAR`, `IS_EXTRAL`, `KIP_CODE`, `ORG_CODE`, `period`, `RECORD_TIME`, `REPORT_DATE`, `RISK_CODE`, `status`, `ORG_ID`, `RISK_ID`, `FILE_ID`, `USER_ID`) VALUES (9, 100, '0101', 87, 0, 0, 114, 0, NULL, '00323', 7, NULL, '2014-7-31 00:00:00', '4001', 0, 5, 50, NULL, 5);

INSERT INTO `electronic_active_user_change_rate` (`id`, `AREA_CODE`, `CURRENT_ACTIVE_USER`, `DATA_MONTH`, `DATA_WEEK`, `DATA_YEAR`, `IS_EXTRAL`, `KIP_CODE`, `LAST_ACTIVE_USER`, `ORG_CODE`, `period`, `RECORD_TIME`, `REPORT_DATE`, `RISK_CODE`, `status`, `ORG_ID`, `RISK_ID`, `FILE_ID`, `USER_ID`) VALUES (1, '0101', 33, 0, 0, 114, 0, NULL, 55, 'BJBK', 10, NULL, '2014-10-31 00:00:00', '8001', 0, 2, 89, NULL, 2);
INSERT INTO `electronic_active_user_change_rate` (`id`, `AREA_CODE`, `CURRENT_ACTIVE_USER`, `DATA_MONTH`, `DATA_WEEK`, `DATA_YEAR`, `IS_EXTRAL`, `KIP_CODE`, `LAST_ACTIVE_USER`, `ORG_CODE`, `period`, `RECORD_TIME`, `REPORT_DATE`, `RISK_CODE`, `status`, `ORG_ID`, `RISK_ID`, `FILE_ID`, `USER_ID`) VALUES (2, '0101', 55, 0, 0, 114, 0, NULL, 66, 'BJBK', 9, NULL, '2014-9-30 00:00:00', '8001', 0, 2, 89, NULL, 2);
INSERT INTO `electronic_active_user_change_rate` (`id`, `AREA_CODE`, `CURRENT_ACTIVE_USER`, `DATA_MONTH`, `DATA_WEEK`, `DATA_YEAR`, `IS_EXTRAL`, `KIP_CODE`, `LAST_ACTIVE_USER`, `ORG_CODE`, `period`, `RECORD_TIME`, `REPORT_DATE`, `RISK_CODE`, `status`, `ORG_ID`, `RISK_ID`, `FILE_ID`, `USER_ID`) VALUES (3, '0101', 66, 0, 0, 114, 0, NULL, 100, 'BJBK', 8, NULL, '2014-8-31 00:00:00', '8001', 0, 2, 89, NULL, 2);
INSERT INTO `electronic_active_user_change_rate` (`id`, `AREA_CODE`, `CURRENT_ACTIVE_USER`, `DATA_MONTH`, `DATA_WEEK`, `DATA_YEAR`, `IS_EXTRAL`, `KIP_CODE`, `LAST_ACTIVE_USER`, `ORG_CODE`, `period`, `RECORD_TIME`, `REPORT_DATE`, `RISK_CODE`, `status`, `ORG_ID`, `RISK_ID`, `FILE_ID`, `USER_ID`) VALUES (4, '0101', 100, 0, 0, 114, 0, NULL, 0, 'BJBK', 7, NULL, '2014-7-31 00:00:00', '8001', 0, 2, 89, NULL, 2);
INSERT INTO `electronic_active_user_change_rate` (`id`, `AREA_CODE`, `CURRENT_ACTIVE_USER`, `DATA_MONTH`, `DATA_WEEK`, `DATA_YEAR`, `IS_EXTRAL`, `KIP_CODE`, `LAST_ACTIVE_USER`, `ORG_CODE`, `period`, `RECORD_TIME`, `REPORT_DATE`, `RISK_CODE`, `status`, `ORG_ID`, `RISK_ID`, `FILE_ID`, `USER_ID`) VALUES (5, '0101', 100, 0, 0, 114, 0, NULL, 90, '00323', 10, NULL, '2014-10-31 00:00:00', '8001', 0, 5, 89, NULL, 5);
INSERT INTO `electronic_active_user_change_rate` (`id`, `AREA_CODE`, `CURRENT_ACTIVE_USER`, `DATA_MONTH`, `DATA_WEEK`, `DATA_YEAR`, `IS_EXTRAL`, `KIP_CODE`, `LAST_ACTIVE_USER`, `ORG_CODE`, `period`, `RECORD_TIME`, `REPORT_DATE`, `RISK_CODE`, `status`, `ORG_ID`, `RISK_ID`, `FILE_ID`, `USER_ID`) VALUES (6, '0101', 90, 0, 0, 114, 0, NULL, 105, '00323', 9, NULL, '2014-9-30 00:00:00', '8001', 0, 5, 89, NULL, 5);
INSERT INTO `electronic_active_user_change_rate` (`id`, `AREA_CODE`, `CURRENT_ACTIVE_USER`, `DATA_MONTH`, `DATA_WEEK`, `DATA_YEAR`, `IS_EXTRAL`, `KIP_CODE`, `LAST_ACTIVE_USER`, `ORG_CODE`, `period`, `RECORD_TIME`, `REPORT_DATE`, `RISK_CODE`, `status`, `ORG_ID`, `RISK_ID`, `FILE_ID`, `USER_ID`) VALUES (7, '0101', 105, 0, 0, 114, 0, NULL, 95, '00323', 8, NULL, '2014-8-31 00:00:00', '8001', 0, 5, 89, NULL, 5);
INSERT INTO `electronic_active_user_change_rate` (`id`, `AREA_CODE`, `CURRENT_ACTIVE_USER`, `DATA_MONTH`, `DATA_WEEK`, `DATA_YEAR`, `IS_EXTRAL`, `KIP_CODE`, `LAST_ACTIVE_USER`, `ORG_CODE`, `period`, `RECORD_TIME`, `REPORT_DATE`, `RISK_CODE`, `status`, `ORG_ID`, `RISK_ID`, `FILE_ID`, `USER_ID`) VALUES (8, '0101', 95, 0, 0, 114, 0, NULL, 0, '00323', 7, NULL, '2014-7-31 00:00:00', '8001', 0, 5, 89, NULL, 5);

INSERT INTO `electronic_transaction_change_rate` (`id`, `AREA_CODE`, `CURRENT_TRADING_VOLUME`, `DATA_MONTH`, `DATA_WEEK`, `DATA_YEAR`, `IS_EXTRAL`, `KIP_CODE`, `LAST_TRADING_VOLUME`, `ORG_CODE`, `period`, `RECORD_TIME`, `REPORT_DATE`, `RISK_CODE`, `status`, `ORG_ID`, `RISK_ID`, `FILE_ID`, `USER_ID`) VALUES (2, '0101', 11, 0, 0, 114, 0, NULL, 10, 'BJBK', 285, NULL, '2014-10-12 00:00:00', '7001', 0, 2, 81, NULL, 2);
INSERT INTO `electronic_transaction_change_rate` (`id`, `AREA_CODE`, `CURRENT_TRADING_VOLUME`, `DATA_MONTH`, `DATA_WEEK`, `DATA_YEAR`, `IS_EXTRAL`, `KIP_CODE`, `LAST_TRADING_VOLUME`, `ORG_CODE`, `period`, `RECORD_TIME`, `REPORT_DATE`, `RISK_CODE`, `status`, `ORG_ID`, `RISK_ID`, `FILE_ID`, `USER_ID`) VALUES (3, '0101', 10, 0, 0, 114, 0, NULL, 9, 'BJBK', 284, NULL, '2014-10-11 00:00:00', '7001', 0, 2, 81, NULL, 2);
INSERT INTO `electronic_transaction_change_rate` (`id`, `AREA_CODE`, `CURRENT_TRADING_VOLUME`, `DATA_MONTH`, `DATA_WEEK`, `DATA_YEAR`, `IS_EXTRAL`, `KIP_CODE`, `LAST_TRADING_VOLUME`, `ORG_CODE`, `period`, `RECORD_TIME`, `REPORT_DATE`, `RISK_CODE`, `status`, `ORG_ID`, `RISK_ID`, `FILE_ID`, `USER_ID`) VALUES (4, '0101', 9, 0, 0, 114, 0, NULL, 8, 'BJBK', 283, NULL, '2014-10-10 00:00:00', '7001', 0, 2, 81, NULL, 2);
INSERT INTO `electronic_transaction_change_rate` (`id`, `AREA_CODE`, `CURRENT_TRADING_VOLUME`, `DATA_MONTH`, `DATA_WEEK`, `DATA_YEAR`, `IS_EXTRAL`, `KIP_CODE`, `LAST_TRADING_VOLUME`, `ORG_CODE`, `period`, `RECORD_TIME`, `REPORT_DATE`, `RISK_CODE`, `status`, `ORG_ID`, `RISK_ID`, `FILE_ID`, `USER_ID`) VALUES (5, '0101', 8, 0, 0, 114, 0, NULL, 0, 'BJBK', 282, NULL, '2014-10-9 00:00:00', '7001', 0, 2, 81, NULL, 2);
INSERT INTO `electronic_transaction_change_rate` (`id`, `AREA_CODE`, `CURRENT_TRADING_VOLUME`, `DATA_MONTH`, `DATA_WEEK`, `DATA_YEAR`, `IS_EXTRAL`, `KIP_CODE`, `LAST_TRADING_VOLUME`, `ORG_CODE`, `period`, `RECORD_TIME`, `REPORT_DATE`, `RISK_CODE`, `status`, `ORG_ID`, `RISK_ID`, `FILE_ID`, `USER_ID`) VALUES (6, '0101', 100, 0, 0, 114, 0, NULL, 90, '00323', 285, NULL, '2014-10-12 00:00:00', '7001', 0, 5, 81, NULL, 5);
INSERT INTO `electronic_transaction_change_rate` (`id`, `AREA_CODE`, `CURRENT_TRADING_VOLUME`, `DATA_MONTH`, `DATA_WEEK`, `DATA_YEAR`, `IS_EXTRAL`, `KIP_CODE`, `LAST_TRADING_VOLUME`, `ORG_CODE`, `period`, `RECORD_TIME`, `REPORT_DATE`, `RISK_CODE`, `status`, `ORG_ID`, `RISK_ID`, `FILE_ID`, `USER_ID`) VALUES (7, '0101', 90, 0, 0, 114, 0, NULL, 105, '00323', 284, NULL, '2014-10-11 00:00:00', '7001', 0, 5, 81, NULL, 5);
INSERT INTO `electronic_transaction_change_rate` (`id`, `AREA_CODE`, `CURRENT_TRADING_VOLUME`, `DATA_MONTH`, `DATA_WEEK`, `DATA_YEAR`, `IS_EXTRAL`, `KIP_CODE`, `LAST_TRADING_VOLUME`, `ORG_CODE`, `period`, `RECORD_TIME`, `REPORT_DATE`, `RISK_CODE`, `status`, `ORG_ID`, `RISK_ID`, `FILE_ID`, `USER_ID`) VALUES (8, '0101', 105, 0, 0, 114, 0, NULL, 96, '00323', 283, NULL, '2014-10-10 00:00:00', '7001', 0, 5, 81, NULL, 5);
INSERT INTO `electronic_transaction_change_rate` (`id`, `AREA_CODE`, `CURRENT_TRADING_VOLUME`, `DATA_MONTH`, `DATA_WEEK`, `DATA_YEAR`, `IS_EXTRAL`, `KIP_CODE`, `LAST_TRADING_VOLUME`, `ORG_CODE`, `period`, `RECORD_TIME`, `REPORT_DATE`, `RISK_CODE`, `status`, `ORG_ID`, `RISK_ID`, `FILE_ID`, `USER_ID`) VALUES (9, '0101', 96, 0, 0, 114, 0, NULL, 0, '00323', 282, NULL, '2014-10-9 00:00:00', '7001', 0, 5, 81, NULL, 5);
